CUST_ID,BALANCE,BALANCE_FREQUENCY,PURCHASES,ONEOFF_PURCHASES,INSTALLMENTS_PURCHASES,CASH_ADVANCE,PURCHASES_FREQUENCY,ONEOFF_PURCHASES_FREQUENCY,PURCHASES_INSTALLMENTS_FREQUENCY,CASH_ADVANCE_FREQUENCY,CASH_ADVANCE_TRX,PURCHASES_TRX,CREDIT_LIMIT,PAYMENTS,MINIMUM_PAYMENTS,PRC_FULL_PAYMENT,TENURE,Cluster
C10001,1240.51688,0.991877,2630.864025,423.976903,557.217542,959.01461,0.621665,0.308531,0.654827,0.224773,3,17,1057.811103,2810.112707,1544.459753,0.39543,12,0
C10002,960.411911,0.633336,914.571253,4221.761865,1760.221471,480.994733,0.508112,0.46164,0.251042,0.159312,6,23,8132.924343,3391.86134,1498.187761,0.09249,6,1
C10003,1735.766824,0.569863,1688.680988,192.83692,374.067921,1598.928818,0.334984,0.297254,0.440755,0.216389,4,20,14871.567639,4031.468816,3326.10304,0.190195,12,9
C10004,3229.077014,0.900708,4406.96694,316.19554,430.530808,2089.905913,0.30241,0.707208,0.0,0.084989,2,16,3035.345957,1606.039379,1072.643036,0.20466,12,5
C10005,2540.979621,0.823408,2696.22575,635.719592,1212.611269,355.456007,0.394205,0.662936,0.305923,0.312593,3,22,10032.473724,2134.896999,1895.308322,0.392714,12,4
C10006,2399.042114,0.874484,5395.726235,1744.804111,293.362562,1230.366719,0.523922,0.265799,0.494068,0.066074,2,23,15057.116046,1210.083358,712.46446,0.464973,6,6
C10007,1443.424239,0.916682,4298.426294,120.568068,556.095267,566.253955,0.493556,0.545711,0.167077,0.105454,3,22,4988.612792,2971.409903,2360.285282,0.168479,12,9
C10008,2471.838638,0.822843,1144.237741,2315.476274,1206.066067,320.354506,0.747609,0.0,0.0,0.161642,2,18,1046.861737,718.581862,937.000146,0.475003,12,0
C10009,1883.342201,0.969953,250.479687,3560.440358,1082.363715,1205.667507,0.679684,0.402958,0.486188,0.0,6,21,5064.387783,3831.719911,406.210234,0.061365,12,1
C10010,4494.299243,0.71605,2142.554281,1898.393175,3826.368593,59.355148,0.865716,0.118352,0.317069,0.134871,3,20,2878.152175,3409.182939,677.286329,0.267197,6,7
C10011,1921.499794,0.859657,5792.598756,5137.185276,328.810646,1211.840432,0.688769,0.258973,0.887558,0.156452,5,25,1071.431553,401.696706,168.36386,0.207711,6,1
C10012,1680.435614,0.725386,2669.052383,1222.645219,279.275141,507.1836,0.434824,0.685369,0.177642,0.0,3,16,4860.907222,739.099173,2444.981021,0.168249,6,9
C10013,524.79889,0.680514,1940.532697,972.54005,449.611717,307.79151,0.519657,1.0,0.30324,0.0,6,25,10107.623986,2231.339744,506.164973,0.225703,6,4
C10014,3285.993523,0.942317,3277.956507,313.408178,535.505198,1024.615229,0.091182,0.446827,0.23636,0.438885,4,16,2936.580375,647.106216,1845.812992,0.304563,12,5
C10015,1287.705915,0.935358,2542.516092,1259.160391,1877.21764,530.817537,0.911426,0.343604,0.379617,0.14388,3,16,4964.835546,1426.669699,1737.634541,0.575148,12,0
C10016,425.425597,0.558703,1656.736961,2722.830204,564.814055,920.848386,0.35068,0.285882,0.0,0.16857,3,20,930.235843,1672.687438,996.74344,0.409983,6,0
C10017,2443.376942,0.6817,1009.397801,1490.623044,512.506412,3884.108377,0.394185,0.610471,0.752544,0.072295,2,19,924.475091,851.100174,689.403782,0.061054,12,5
C10018,666.836093,0.893798,936.699708,1247.458085,1031.069336,227.700624,0.949597,0.332824,0.538592,0.504734,3,15,872.295904,1981.108114,1797.670066,0.440476,12,0
C10019,4087.775269,1.0,1070.06444,609.851369,839.452192,555.362262,0.228689,0.679952,0.281712,0.155629,5,15,3019.534712,2034.76132,256.691539,0.243777,6,5
C10020,2923.804657,0.750106,777.892418,2399.298979,369.433433,2069.572603,0.34218,0.847026,0.242738,0.0,3,17,10003.529148,416.348347,1320.527608,0.23554,12,5
C10021,1529.908413,0.822428,1314.973318,1415.465336,354.427576,464.264532,0.480382,0.574604,0.503538,0.291592,7,12,14934.394613,2906.981829,1198.37655,0.247211,12,8
C10022,399.535531,0.637998,2109.732533,896.104395,834.907091,306.72909,0.351584,0.271799,0.456509,0.00547,7,25,8147.791335,3669.713202,16.963251,0.447561,12,4
C10023,359.037314,1.0,861.131097,202.259838,1786.110915,412.919869,0.518759,0.615707,0.22532,0.281142,2,21,1866.109523,1936.764708,2052.640839,0.399743,12,0
C10024,2070.332868,0.921268,2299.986636,360.151991,343.200399,1194.625249,0.557634,0.181091,0.300215,0.170168,5,22,2990.771342,1157.384432,1269.869778,0.493053,6,0
C10025,1186.058789,0.984192,2069.733916,910.895254,274.925444,199.686738,0.65471,0.0,0.451741,0.445209,5,14,953.082154,3130.916311,538.141059,0.175673,12,2
C10026,1855.543462,0.948703,583.691839,3321.422036,2195.114452,352.473401,0.469978,0.729801,0.223648,0.289582,2,19,14932.088288,2358.552277,381.042493,0.132198,6,7
C10027,2048.097309,0.989987,919.786698,233.849231,131.041229,1195.227145,0.669566,0.962409,0.252133,0.122667,4,22,15025.623131,2105.137982,2162.672916,0.199646,12,4
C10028,533.187315,0.941212,319.937775,464.415362,3610.020251,307.910191,0.413974,0.784583,0.223696,0.475909,5,18,1989.576448,3484.371697,738.070284,0.391575,6,7
C10029,2393.671147,0.799722,2364.951643,1434.688713,773.483903,1893.266967,0.648785,0.280712,0.243029,0.731262,2,24,9901.075288,3577.462764,695.852275,0.660781,12,6
C10030,1624.106951,0.961602,906.230904,1855.226494,279.661317,1309.391859,0.789882,0.0,0.0,0.093152,5,21,4983.563231,3339.696035,827.12145,0.295396,12,0
C10031,3552.04678,0.861871,2681.569827,3121.467618,180.181028,948.455169,0.066593,0.168349,0.070405,0.411162,4,18,1099.426317,2084.492301,1343.414105,0.225463,12,5
C10032,1334.288472,1.0,3744.680238,1175.309946,89.689711,394.617789,0.441346,0.573337,0.459306,0.271878,6,24,8045.801558,2189.240889,257.501756,0.245574,12,8
C10033,318.124599,0.739668,694.066185,1547.414176,597.947878,1747.234585,0.542146,0.268565,0.58365,0.286751,5,13,7868.846891,4700.912986,854.176522,0.299297,12,2
C10034,1319.895375,0.768811,1267.17931,1100.935291,923.368452,814.006444,0.027222,0.80309,0.334675,0.0,7,31,3145.815067,2114.219417,755.332314,0.285028,12,4
C10035,882.441259,0.949173,1096.421209,1109.717446,1248.338537,189.658743,0.0,0.142633,0.0,0.007387,3,18,893.950829,8475.651273,911.804215,0.158705,12,3
C10036,1403.321222,1.0,2837.995633,631.007247,1563.785708,156.710796,0.575184,0.53404,0.0,0.477118,1,20,7976.822236,1576.017934,223.140055,0.06867,12,7
C10037,682.047748,0.871774,2787.231747,2259.782649,92.960244,87.405984,0.336709,0.452538,0.471471,0.228919,3,26,14973.409546,1071.795761,1919.955987,0.284984,6,4
C10038,1864.447866,0.743121,433.132756,3894.233045,217.044413,154.374479,0.692574,0.462469,0.849826,0.094864,3,24,8092.490071,3015.557723,861.674401,0.339842,12,1
C10039,4038.45291,0.832157,2052.504092,1379.660991,777.955441,873.778619,0.494994,0.0,0.708163,0.553072,5,24,2077.757749,2773.629844,1692.390988,0.348183,12,6
C10040,2154.380536,0.775266,1481.480937,875.412329,2927.918773,1025.098753,0.494261,0.353574,0.28925,0.439801,1,29,3014.873926,2293.410917,120.268085,0.063611,12,7
C10041,2750.941167,1.0,2872.658331,588.601464,955.45679,328.970127,0.410348,0.462987,0.246142,0.344308,1,11,2139.717298,4783.125677,3965.360933,0.541755,12,9
C10042,1516.0067,0.984806,573.394275,454.112608,546.349179,1322.461491,0.522979,0.263693,0.223172,0.007995,5,21,14938.102353,1726.573935,490.901665,0.53006,6,0
C10043,369.478475,1.0,1321.221777,2176.518085,572.2625,1473.63641,0.271991,0.0,0.865094,0.198008,9,14,3012.4756,3220.936546,241.147714,0.464074,12,8
C10044,2270.097891,0.895232,2815.762534,850.658305,300.13424,378.144823,0.369687,0.236784,0.420213,0.489561,4,32,2961.900656,2154.186073,564.163798,0.087683,6,6
C10045,857.389481,0.766732,5223.764045,147.576903,1094.980855,1049.267465,0.69303,0.095602,0.078515,0.0,1,23,2906.20393,6834.892007,1032.813412,0.164916,12,3
C10046,1403.814832,1.0,931.763756,1325.203476,519.96077,859.09271,0.434515,0.486187,0.632713,0.0,5,22,3056.475802,1422.673627,1093.129181,0.065333,12,8
C10047,3752.920741,1.0,998.474077,920.838697,1564.9846,766.495527,0.623352,0.672509,0.597212,0.04304,4,18,3148.568852,1742.905958,1045.30678,0.336264,6,0
C10048,2463.143231,0.937294,2252.846195,1585.81172,569.412592,1280.837962,0.495156,0.479927,0.0,0.391922,2,24,14862.007558,3977.230807,872.307477,0.782085,12,6
C10049,2658.432855,0.846362,1915.272264,233.281684,126.407301,1459.137675,0.413291,0.492303,0.164941,0.245762,3,11,5105.108859,1446.232178,838.325774,0.227512,12,2
C10050,1054.929474,1.0,1522.797079,621.062374,69.049667,1489.843587,0.257135,0.327262,0.650083,0.293268,6,23,3015.768566,3137.081116,814.979279,0.559801,6,6
C10051,1668.374408,0.794333,922.520105,1831.182541,496.750836,1794.020545,0.706894,0.438745,0.621262,0.239145,0,21,8122.013912,1916.919772,861.35303,0.474811,12,6
C10052,1360.872948,0.964681,4818.158558,505.53391,467.230088,1191.975268,0.291079,0.0,0.0,0.221146,9,12,2895.316884,1603.614354,376.671521,0.346468,12,8
C10053,1234.882461,0.743262,3325.321853,786.749281,218.953128,606.85881,0.590422,0.402642,0.351926,0.438428,4,18,996.032848,1439.951911,454.761911,0.284373,12,2
C10054,2236.495507,0.704445,1057.299581,3122.062914,533.865289,853.950577,0.110497,0.646821,0.612316,0.91164,7,23,8144.643339,2047.130979,1354.425235,0.467688,12,6
C10055,528.821595,0.934967,1720.941414,1297.416904,882.674974,233.130534,0.564857,0.221557,0.454492,0.293593,4,22,15022.931216,4753.530372,3325.250452,0.074092,12,9
C10056,4014.66202,0.90069,3364.669355,1917.547462,317.098467,2135.002599,0.593042,0.588058,0.042138,0.459846,2,22,7851.713925,2957.217828,398.660556,0.132638,6,5
C10057,1924.665484,1.0,3404.060588,1732.977756,188.090628,694.251862,0.338581,0.0,0.298688,0.114886,3,8,1119.411333,3516.487019,368.312905,0.092502,12,2
C10058,4644.925464,0.807984,2303.13587,1629.795379,160.462699,203.8316,0.095201,0.393268,0.549806,0.517414,8,14,14948.746442,2442.38335,83.840949,0.395571,6,8
C10059,1247.890398,0.853517,1537.817869,3983.796988,871.681392,3227.750938,0.458299,0.322589,0.499038,0.220707,7,15,3129.764178,7446.423074,1725.225763,0.191661,12,1
C10060,3297.825399,0.679009,5012.666121,851.533453,741.25177,1667.790873,0.522916,0.518789,0.069183,0.237663,2,21,1979.228443,3492.655911,183.016548,0.728869,12,6
C10061,2488.738921,0.569608,1099.667068,211.598437,251.13924,1353.501192,0.367326,0.422464,1.0,0.111247,7,11,1033.460049,3007.661595,1889.565634,0.298058,12,8
C10062,1759.660204,0.582878,1781.10193,1092.303166,1280.841858,1381.988059,0.329053,1.0,0.420256,0.051561,5,18,14931.416552,2402.924478,1709.631215,0.149289,12,4
C10063,1275.579085,0.919466,1156.146663,554.567161,800.975114,1063.365604,0.723304,0.0,0.0,0.094737,2,17,15042.827927,1233.846662,397.265348,0.634068,6,0
C10064,1313.069481,0.673504,2794.328802,318.035561,109.368808,812.057615,0.469479,0.0,0.257583,0.009836,5,25,2038.466392,3814.167078,1539.634775,0.267206,12,0
C10065,915.839599,1.0,1077.011976,1601.311947,1467.053372,921.861572,0.393769,0.175216,0.0,0.0,3,17,922.30154,2298.454153,311.690801,0.4145,12,0
C10066,1645.581301,1.0,2828.124936,454.39375,109.169707,726.548459,0.707192,0.406497,0.152677,0.567197,2,15,1894.207799,9985.52032,76.000304,0.272781,12,3
C10067,2825.751781,0.807189,3526.260668,45.497958,324.930035,878.804565,0.492411,0.183371,0.343452,0.290615,0,25,1940.596701,2126.488925,1102.161232,0.251512,6,6
C10068,3134.704408,1.0,2678.452041,1094.120174,1539.359338,1383.059112,0.323703,0.17441,1.0,0.398135,5,23,15031.500682,2571.903394,172.187269,0.381651,12,6
C10069,2089.247096,0.88408,628.70296,885.763977,215.593071,1282.897793,0.713471,0.0,0.414063,0.302864,4,9,14999.907661,1683.14386,523.82948,0.303309,12,2
C10070,1103.630806,1.0,1245.779346,701.926404,1058.753339,314.279964,0.407795,0.0,0.465768,0.0,5,20,2130.600228,2019.170445,1707.413211,0.321491,12,0
C10071,1340.763778,0.816144,896.87729,103.977574,3288.083005,475.351094,0.726797,0.115051,0.581768,0.209265,4,23,5112.033896,2487.426155,432.376471,0.418983,12,7
C10072,1189.383245,0.993876,1608.780777,1254.114054,648.567077,1517.708756,0.330052,0.834041,0.419737,0.026484,2,26,934.802046,3563.436897,748.505897,0.20293,12,5
C10073,1992.209911,0.708502,586.04446,2396.055397,1637.08326,1089.654621,0.5774,0.132715,0.181187,0.043502,7,13,14886.903087,2543.420059,281.556202,0.107547,12,2
C10074,1839.227896,0.943402,762.719745,285.525268,136.107637,226.03745,0.80399,1.0,0.75902,0.180234,6,21,1956.93434,4626.279834,372.126488,0.105827,12,8
C10075,587.775548,0.781117,1739.172175,1133.962635,601.963207,782.191308,0.610461,0.697971,0.511746,0.235611,5,22,2086.158752,7336.03288,1844.831474,0.369702,12,3
C10076,1023.608903,0.830416,3364.595743,646.809354,735.787826,875.049593,0.621606,0.290406,0.814645,0.221122,5,16,7988.176701,624.361469,739.242679,0.129404,12,2
C10077,2385.65039,0.944758,3354.636808,432.039493,276.837574,1008.417898,0.608744,0.623256,0.662757,0.227815,3,13,2021.292932,990.917458,351.978024,0.127045,12,2
C10078,642.656296,0.875907,1297.576732,1184.954651,530.003244,629.793899,0.710216,0.685401,0.08266,0.14545,4,20,5114.287915,1121.133134,1902.437681,0.282232,12,0
C10079,1194.92981,0.838844,1243.756946,201.929787,1385.869158,325.564565,0.517908,0.016312,0.224473,0.208849,4,14,2970.705751,1399.040444,602.693374,0.152537,12,2
C10080,1430.925347,0.959167,4067.519323,2237.144112,3290.2444,193.712091,0.60865,0.0,0.240582,0.450851,5,13,4876.31343,3797.967568,1400.007001,0.180987,12,7
C10081,933.236283,0.970481,4481.613127,721.130812,1079.017044,2192.002003,0.441006,0.819817,0.246153,0.63709,2,28,2939.080057,2099.189494,420.381388,0.332205,6,5
C10082,1750.451095,0.642249,1445.077937,1673.446893,1259.363161,228.934009,0.976032,0.088761,0.492637,0.425076,4,17,2990.073818,626.633976,134.611391,0.443465,12,0
C10083,362.947122,0.933842,1202.18432,617.098366,1133.484698,1301.40364,0.280712,0.639081,0.30841,0.158597,3,23,14911.510628,2821.424302,697.823977,0.235644,6,4
C10084,3363.327879,0.95065,988.72028,411.523487,530.158214,928.776782,0.702124,0.583065,0.126909,0.280655,1,14,14958.583953,3156.972061,234.970562,0.518871,12,0
C10085,4637.319297,0.737242,1727.987884,740.670214,497.668526,776.519479,0.254993,0.0,0.793724,0.393499,6,27,2116.448188,1324.432297,1594.430125,0.322188,12,6
C10086,470.698431,0.90787,2462.477075,1679.674159,1319.874038,367.053757,0.63114,0.573154,0.762773,0.402537,8,13,1144.812277,2588.555697,88.448199,0.142043,6,8
C10087,2789.086239,0.651365,1148.110791,2239.60795,2321.195043,942.98009,0.823262,0.548115,0.372784,0.445822,4,27,1072.147093,3997.005781,1047.848593,0.056132,6,7
C10088,853.140066,1.0,3019.901209,1209.113135,979.614361,1527.095518,0.227192,0.764952,0.050114,0.449448,4,20,3059.635483,869.730692,3173.597918,0.453403,6,9
C10089,2264.878243,0.814352,791.734148,1615.010133,1082.796102,152.73848,0.932519,0.368224,0.179637,0.283169,1,19,14953.208404,1496.12266,518.607794,0.15392,6,7
C10090,4975.832039,0.838216,2784.138606,2322.57053,130.905977,380.110003,0.260221,0.51586,0.140246,0.147001,4,22,15065.520164,3072.333116,2599.625067,0.278226,6,9
C10091,2356.935029,1.0,4385.957413,776.417692,54.478046,338.586857,0.294864,0.49263,0.099778,0.0,4,19,5097.892425,5992.181302,1842.304372,0.33065,6,3
C10092,3400.748834,0.828589,2261.253709,923.894129,3563.687356,505.371869,0.577663,0.307735,0.07615,0.41534,4,23,4883.433096,1394.987236,439.589971,0.050064,12,7
C10093,753.379563,0.939833,932.724596,2070.214352,843.151676,737.916415,0.225999,0.872492,0.432951,0.324715,4,21,2966.92708,1373.115895,1449.447003,0.379828,6,5
C10094,942.032496,0.69289,1544.294772,1316.18506,517.479473,1110.251439,0.739878,0.670296,0.450458,0.031831,3,32,1002.947516,2628.25234,651.197034,0.391253,12,4
C10095,1628.388893,0.764537,1252.573575,952.639225,810.900267,1129.853147,0.619084,0.842245,0.489597,0.204967,6,12,5110.321351,1136.84018,794.911828,0.205313,6,8
C10096,3117.108873,0.641131,2502.729195,1372.684638,406.090739,269.195057,0.0,0.485906,0.088834,0.122532,3,17,1933.328044,2673.790997,1767.439118,0.244568,12,5
C10097,3129.246946,0.818772,3847.191662,249.466562,1267.220619,2483.971555,0.145287,0.729939,0.450672,0.114271,5,19,2874.543921,456.246658,3307.624656,0.290398,12,9
C10098,2481.095372,1.0,3010.912918,1123.367883,209.530218,945.330677,0.318895,0.091248,0.948525,0.548785,5,16,1113.61855,5264.493749,1221.771303,0.366449,6,8
C10099,1228.79513,0.883541,2245.809047,762.415302,1623.501352,250.491444,0.600353,0.191164,0.432558,0.130131,4,17,15049.182717,2376.034927,941.051937,0.287268,12,2
C10100,2227.910487,0.982642,1216.269707,1906.958472,1866.745359,1642.005088,0.232511,0.680446,0.248347,0.684714,4,18,14858.09011,239.64977,429.902723,0.141064,12,5
C10101,1874.245471,0.696069,1263.968379,2362.193897,623.593743,365.991584,0.318569,0.309803,1.0,0.174535,5,21,4979.421869,1450.789106,927.58395,0.505501,6,6
C10102,338.536473,0.717516,1886.926931,759.485037,886.369559,937.195385,0.649942,0.258992,0.455815,0.058331,4,15,1972.612776,2321.587381,1358.59313,0.246913,6,2
C10103,1446.595245,0.780169,4894.406401,1288.201574,1213.255585,342.405565,0.251331,0.426192,0.179992,0.227222,3,20,899.665794,7640.339359,404.079104,0.160168,6,3
C10104,3448.377772,0.935886,4743.716142,1320.438589,1222.68671,1301.589077,0.569773,0.0,0.623391,0.681224,2,24,10106.577501,7268.151951,377.42456,0.286412,12,6
C10105,2075.676049,0.903464,6583.828249,1818.679323,1387.284968,1010.141476,0.159247,0.428779,0.154938,0.170323,3,20,2901.913196,1952.741107,1220.450995,0.237751,12,5
C10106,992.423552,0.847707,2592.688145,991.60004,1937.67972,776.009741,0.743698,0.525868,0.257808,0.302785,3,23,9863.034968,1684.053154,221.511223,0.353699,12,7
C10107,5476.335422,0.943394,2824.899558,1505.674743,1120.340835,693.874434,0.847115,0.281559,0.660426,0.0,4,18,984.532876,2123.716137,1117.307488,0.459261,12,0
C10108,316.462157,0.82729,897.421906,327.714545,696.846442,744.735304,0.212737,0.039622,0.185626,0.317715,2,27,14942.700453,3767.993238,234.143277,0.4633,6,6
C10109,2595.947074,0.846771,1179.817154,1374.48971,997.210206,625.219281,0.0,0.90632,0.0,0.0,5,21,8144.338144,6982.584496,373.457188,0.177679,12,3
C10110,3090.604552,1.0,518.73256,8591.004221,330.474033,79.234774,0.080317,0.506478,0.572133,0.176934,7,17,10132.300493,1891.238743,272.822017,0.264833,12,1
C10111,1912.344997,0.76206,1122.071024,1265.984372,26.553879,563.332387,0.732657,0.069094,0.610589,0.471676,7,12,963.469987,1862.426517,420.06202,0.139951,6,8
C10112,529.664137,0.877402,1757.654112,2106.188651,1133.105242,529.440629,0.353973,0.200502,0.0,0.150009,4,21,4876.665985,2389.972859,275.96509,0.566005,12,0
C10113,583.71469,1.0,1586.733081,1758.581664,740.966858,1383.483413,0.753935,0.0,0.26243,0.343106,4,18,7919.198802,2718.088261,1396.724969,0.388006,12,0
C10114,2111.30024,0.865286,560.358452,329.06872,1594.792363,545.960994,0.164237,0.0,0.684523,0.155226,5,21,10065.289693,3656.319091,1402.053078,0.275087,6,2
C10115,2874.088314,0.955983,479.603904,2152.704347,726.597122,857.751341,0.26202,0.0,0.439171,0.133067,2,21,1143.660239,1230.242401,706.927941,0.291829,6,0
C10116,709.500257,0.758998,2549.811355,93.426604,286.021134,943.086996,0.464374,0.126335,0.611175,0.255305,2,24,9888.116721,3370.054881,1426.550388,0.553183,12,6
C10117,1386.336598,1.0,734.160546,192.218105,2143.183473,333.253735,0.757372,0.505041,0.331362,0.416577,3,22,4913.0812,1837.519845,1543.372895,0.338368,12,7
C10118,2355.666059,0.512555,2808.766007,1393.803754,886.964754,3450.672796,0.439774,0.600766,0.181052,0.219414,5,25,15138.935699,1403.570736,1709.62019,0.530937,12,4
C10119,1142.109655,0.679852,1730.633769,1340.834314,885.806659,694.099235,0.239624,0.343321,0.202752,0.196028,2,19,7942.471954,2606.336548,442.668258,0.646406,12,6
C10120,1125.148,0.691923,1159.617351,1268.602567,528.124873,1485.337812,0.56724,0.685829,0.276861,0.008708,3,18,15120.315011,1017.506723,1077.816104,0.34133,6,4
C10121,1779.867411,1.0,1401.663373,1454.569125,799.355704,151.345945,0.514297,0.549199,0.420188,0.0,5,21,10062.319503,7122.323632,640.447737,0.331668,6,3
C10122,1951.872961,0.902872,2709.940071,6050.446393,1611.879074,479.966898,0.616931,0.03159,0.0,0.225301,7,29,1917.449696,4165.683117,2030.252922,0.523305,6,1
C10123,4696.496363,0.810651,1230.146615,2323.506445,1090.7924,1908.586126,0.44929,0.123891,0.0,0.163318,3,26,882.12627,2441.78006,1699.469358,0.558571,12,0
C10124,1487.498163,0.657736,2417.44434,525.144236,84.12817,1425.48142,0.339374,0.463952,0.371169,0.253254,5,17,3115.803873,2473.317751,571.394289,0.348149,12,8
C10125,1479.263288,0.904619,3576.165671,1231.193704,1365.469596,128.451873,0.498195,0.5834,0.566207,0.406725,9,22,1056.184098,4574.2138,1255.157478,0.436977,12,8
C10126,774.35616,0.867105,4346.783229,831.249317,1100.987627,912.87449,0.0,0.705212,0.175991,0.362938,4,18,1148.769012,1496.506295,942.416491,0.091622,6,5
C10127,1760.294536,0.746055,1212.194871,2055.681995,511.724149,839.774798,0.558953,0.0,0.37218,0.024148,2,18,9884.355414,2205.134077,499.654301,0.147151,12,2
C10128,1675.496349,0.626271,3561.471191,429.879414,4819.981459,166.578154,0.796406,0.0,0.054241,0.250317,4,26,7956.165903,869.944394,316.996975,0.153847,6,7
C10129,1588.142937,0.684586,1717.920448,43.865291,524.501697,266.859622,0.62932,0.987126,0.0,0.254956,5,21,10042.389294,2574.830467,953.423501,0.416232,12,4
C10130,1191.065123,0.882012,377.919131,4840.023401,2168.19009,2396.035467,0.258264,0.295241,0.417294,0.15004,3,18,7934.735324,1227.418905,792.744626,0.056917,6,1
C10131,2243.507329,0.896652,742.698061,2164.336994,2208.493854,236.173823,0.114791,0.680794,0.350741,0.0,2,16,15100.112264,1280.828702,729.100554,0.299606,12,4
C10132,3510.993729,0.860972,563.811348,413.105343,968.790428,785.403908,0.817681,0.390858,0.221331,0.038725,8,23,15095.401286,1897.302579,595.23843,0.278516,12,4
C10133,1185.304478,0.827262,735.961853,876.347838,270.731015,1019.342432,0.367336,0.0,0.0,0.179685,9,23,2063.323187,2709.053336,791.30275,0.015295,12,8
C10134,2090.144149,0.584689,1301.878329,1451.561984,193.438571,385.058854,0.440939,0.803369,0.391665,0.349161,3,26,14859.287058,7168.377954,1241.135852,0.304647,12,4
C10135,3710.661761,0.857316,437.967178,1201.638093,1563.964893,163.265137,0.548069,0.523046,0.352282,0.135806,2,24,3123.18196,813.943836,824.150417,0.134615,12,7
C10136,1756.232724,0.69512,3136.483154,3895.043502,436.333037,807.468453,0.346853,0.827787,0.295806,0.0,1,21,7981.771979,1390.36925,1506.379576,0.316144,12,1
C10137,3735.836899,0.856268,1851.071974,1129.139302,1436.035787,5155.73666,0.502823,0.565551,0.33484,0.469522,1,26,3060.405433,6067.14509,895.088862,0.09765,12,5
C10138,1128.796904,0.919758,3972.158593,169.041759,803.159349,1084.02472,0.863014,0.085405,0.2621,0.190005,4,24,7975.001018,1344.339086,721.761512,0.056543,12,2
C10139,1544.07757,0.748634,4748.512409,1807.241657,456.050432,661.668371,0.370348,0.372211,0.522332,0.106149,5,17,5009.954172,1800.313778,322.249627,0.548042,12,8
C10140,1476.561887,0.696539,4219.687623,500.077766,1487.816168,1158.66321,0.966269,0.684923,0.48504,0.303266,1,23,14956.003957,1588.767474,1719.199825,0.23157,6,4
C10141,1805.370202,0.999042,4423.442693,478.288201,538.359084,280.155065,0.587572,0.176267,0.890075,0.33498,3,15,15000.313644,3526.201425,1843.206189,0.138917,12,2
C10142,3154.993027,0.90277,4375.751593,515.505583,37.918373,768.888859,0.571885,0.441554,0.779585,0.180892,5,17,7921.421123,1601.307421,1707.45646,0.177289,6,8
C10143,1238.425652,0.754506,1424.082778,2064.313084,523.13881,349.169724,0.726691,0.735718,0.354089,0.079866,2,16,9949.012098,1638.273378,2942.55585,0.119202,12,9
C10144,805.113072,0.399953,1744.98196,2015.747829,458.822165,1102.796459,0.720566,0.012928,0.007357,0.082832,6,20,14996.277934,3796.760688,2105.895015,0.397731,12,4
C10145,3650.897728,0.842631,1516.310106,473.459101,1676.693776,486.429352,0.753661,0.27371,0.550446,0.354973,10,23,2913.272312,2822.071876,1143.637137,0.345247,6,8
C10146,2879.293121,0.944371,3297.452244,525.410775,830.573478,1048.775292,0.630973,0.439059,0.189593,0.168387,7,19,8119.485303,1583.47431,165.603223,0.292007,12,8
C10147,374.786543,1.0,2456.803546,1614.805197,537.74131,1365.146445,0.349776,0.675365,0.809738,0.295139,3,24,2886.721344,2405.425355,571.863358,0.329322,6,6
C10148,2216.33712,0.748321,1819.838352,1225.834862,951.105618,2440.604165,0.895751,0.358297,0.0,0.0,4,24,1944.450854,2974.2568,2186.087245,0.628133,12,0
C10149,4084.429964,0.753545,662.067901,530.053346,239.320459,289.900539,0.45657,0.171378,0.238402,0.096925,1,23,14947.146784,4776.664267,251.907749,0.117987,12,2
C10150,1808.070413,0.783564,1509.213083,88.270718,431.780074,1229.349959,0.287903,0.556567,0.812866,0.119115,6,24,14903.459829,1430.582729,1273.300069,0.493081,6,4
C10151,1205.700183,0.975688,2748.206053,66.137043,2797.851508,432.557309,0.715105,0.203829,0.364724,0.101072,4,22,1135.263242,1084.585916,1428.491885,0.366004,12,7
C10152,2600.111678,0.673792,3045.498061,1186.16235,927.888154,442.839475,0.654304,0.514119,0.574837,0.0,3,16,934.636741,1881.672384,1487.481577,0.250366,12,2
C10153,2390.574647,0.833068,545.533483,1045.200116,2357.338641,350.649283,0.486463,0.496086,0.555444,0.105753,6,19,903.740172,3480.204991,847.320564,0.233149,6,7
C10154,1013.010036,0.711138,794.685276,855.784958,1245.234385,251.726295,0.512382,0.329315,0.219853,0.508677,3,17,4902.026554,1488.453639,1659.075922,0.206213,12,2
C10155,1146.411455,0.890282,2108.311682,66.023046,80.908713,1463.310478,0.638102,0.646981,0.607557,0.255384,8,26,2091.441569,4473.742086,258.10766,0.216569,12,8
C10156,1278.724396,0.616797,2000.177511,1909.711978,520.775014,234.914655,0.969501,0.744337,0.108186,0.089374,3,21,1951.326622,2353.745071,306.1815,0.373629,12,0
C10157,1129.246778,0.906424,2147.950857,1019.268641,655.869859,938.59789,0.475662,0.0,0.267063,0.05082,2,25,2972.853952,722.210774,364.540517,0.275019,12,0
C10158,242.853291,0.775503,1133.641644,952.352174,92.824924,1114.480389,0.183166,0.546092,0.980117,0.0,9,18,8055.976493,2423.961976,1578.111357,0.304431,12,8
C10159,373.37524,0.816394,2006.797439,1403.253137,689.110935,1642.426784,0.353885,0.339923,0.307892,0.239603,2,14,1126.639273,1935.804862,969.539729,0.073025,12,2
C10160,1483.826401,0.928863,3534.903323,1350.756413,1161.716064,729.031111,0.620076,0.299313,0.468839,0.037581,2,20,9872.873958,1990.526729,2327.352531,0.375552,12,9
C10161,2350.350611,1.0,1013.190319,603.869721,2352.071065,708.716821,0.444483,0.415839,0.048412,0.114626,3,22,9909.0227,2778.142101,1007.91114,0.253457,12,7
C10162,732.887624,0.595452,1359.258814,2805.595472,1495.581656,418.627419,0.330117,0.744861,0.751679,0.371653,5,18,9903.603733,2908.040504,1219.722845,0.096445,12,4
C10163,2379.854698,1.0,3759.445041,2145.03281,2513.69112,138.807259,0.673997,0.346834,0.092463,0.381999,3,15,8074.902865,3048.772345,1533.767556,0.105215,12,7
C10164,1697.654723,0.933723,1567.783016,855.573699,1544.779182,1547.491012,0.676022,0.294261,0.14386,0.317114,1,12,10040.775257,2733.18098,566.359586,0.246386,12,2
C10165,1284.046604,0.805796,4019.740813,1637.972046,34.398651,690.193994,0.443695,0.014238,0.184299,0.0,2,19,15093.777584,2133.695035,744.400949,0.076318,12,2
C10166,3244.636566,1.0,3286.157153,592.788218,527.637691,1727.059472,0.564133,0.34185,0.08396,0.080394,4,23,14850.531823,2420.190036,2956.679073,0.305752,12,9
C10167,4923.070532,0.878298,1491.167391,1150.40131,1646.870047,1611.16968,0.336753,0.392197,0.0,0.42853,4,14,4898.411197,2746.774746,386.729563,0.019981,12,5
C10168,1743.273994,1.0,1872.944029,2893.098031,741.421627,337.159364,0.343447,0.105776,0.273532,0.0,5,30,9991.998521,1399.704636,719.981703,0.380191,12,0
C10169,2151.353976,0.761082,2025.162143,500.650919,2422.90778,507.85414,0.409458,0.301703,0.216884,0.443595,4,21,8042.50192,6579.93295,1508.887655,0.570753,6,3
C10170,1536.595741,0.719992,1554.425832,1574.66366,729.644575,1090.128504,0.157696,0.537518,0.328482,0.187478,8,16,5063.247411,503.072877,757.653669,0.243769,12,8
C10171,3080.050736,1.0,1425.461729,859.824673,1147.821732,1580.473048,0.576568,0.812011,0.070799,0.38206,6,19,3031.60595,2037.476635,720.607646,0.337877,6,5
C10172,1564.535367,1.0,1927.935699,2665.248304,710.003962,889.818737,0.473371,0.309529,0.093952,0.109479,2,14,7962.827123,1675.465335,1264.727217,0.677621,12,0
C10173,638.89806,0.945068,494.716821,2085.831589,1013.167096,246.261185,0.367339,0.99531,0.263503,0.0,4,14,2857.89935,6213.723512,517.726282,0.216564,12,3
C10174,500.28382,0.983678,406.406434,848.232724,209.625458,1529.611708,0.51793,0.696404,0.355806,0.0,7,23,931.227961,2024.892932,713.942234,0.171947,12,8
C10175,1071.59722,0.778915,968.940436,2155.139625,1264.523058,609.785744,0.524395,0.658481,0.085614,0.48335,3,16,1882.739516,1264.421089,462.59329,0.20345,12,5
C10176,671.579421,0.651225,1386.86894,635.052067,950.518593,842.26848,0.307352,0.576733,0.345075,0.127661,4,23,5128.357509,2280.418275,2113.297011,0.295728,12,4
C10177,901.926262,0.816105,973.577918,1313.641628,2300.367503,2094.122656,0.344551,0.429818,0.286998,0.0,7,29,10137.053644,2217.247537,266.056201,0.371232,12,4
C10178,1105.761127,1.0,2119.703571,1138.947457,424.302177,639.176155,0.294125,0.212074,0.662496,0.355213,5,23,2026.291967,3002.974939,2183.422916,0.169408,12,8
C10179,981.938687,0.570931,933.564601,1230.404677,901.087019,897.10838,0.822657,0.381659,0.539682,0.0,2,19,10127.003965,732.959103,597.572164,0.374601,6,4
C10180,2116.937088,0.775701,2611.578906,282.198761,1364.686801,912.859422,0.074408,0.420714,0.500802,0.159428,4,15,3024.348161,969.138869,829.318197,0.079477,12,2
C10181,868.424445,0.562819,443.940897,844.055429,787.834845,155.787211,0.468094,0.451743,0.648371,0.259642,5,25,4988.962547,3857.9059,2708.647798,0.295813,12,4
C10182,695.281669,0.86624,1050.647902,652.754043,2229.99628,836.093138,0.693418,0.866787,0.170065,0.250473,5,27,1079.589077,1151.499479,115.338116,0.255251,12,7
C10183,429.892322,0.981137,592.87165,339.706671,1294.198294,253.47692,0.21948,1.0,0.748711,0.276284,3,19,4946.15432,4569.180374,750.825887,0.561235,12,3
C10184,3510.253931,0.66359,5063.46471,59.867089,1260.809164,67.734043,0.248951,0.567845,0.408128,0.173806,2,17,5135.486479,1357.864563,2526.327183,0.176585,12,9
C10185,1444.563247,0.788591,406.543556,454.658919,843.374003,824.919922,0.243322,0.707723,0.211188,0.0,4,17,3002.966885,1980.346585,1383.079552,0.425169,6,4
C10186,2020.42891,1.0,1718.057138,325.841952,1172.555633,844.765283,0.038611,0.201449,0.471849,0.240552,6,18,8098.761069,1200.451953,68.339024,0.096583,12,2
C10187,2141.533306,0.83673,2274.849491,1640.707863,356.399434,293.855808,0.772467,0.0,0.042194,0.182613,5,18,3069.229084,4814.193408,1979.214974,0.491383,12,0
C10188,530.977913,0.664113,158.365624,1183.128534,134.71926,1188.221138,0.418513,0.379109,0.871311,0.151683,6,22,15058.586932,3072.627558,2008.277766,0.312951,12,4
C10189,1619.11271,0.652561,3617.864012,1330.830887,330.487584,371.866948,0.202057,0.484137,0.428351,0.289341,0,20,5026.563645,433.72511,1308.242361,0.417139,6,6
C10190,1578.458929,0.547803,2799.346097,602.678911,182.514872,516.965924,0.315744,0.831398,0.0,0.344831,5,20,9924.044719,1853.788986,862.757698,0.600497,12,4
C10191,544.001091,0.965994,587.474834,965.777949,1352.57708,1360.386255,0.513251,1.0,0.02666,0.233982,3,20,2959.961243,9255.889556,1640.767143,0.330796,12,3
C10192,1078.329835,0.738082,1002.183032,2443.299456,180.850914,546.90771,0.387484,0.491411,0.206296,0.491254,3,22,1979.619419,3889.965292,1375.344307,0.05619,12,5
C10193,2277.574633,1.0,2608.695624,88.231738,236.133291,633.214732,0.2465,0.803854,0.191606,0.630106,6,15,4983.373874,2910.637682,934.525084,0.21936,12,5
C10194,2810.569817,0.980054,710.891658,1529.713304,1080.053886,439.680082,0.591259,0.746467,0.485446,0.248509,4,30,936.570278,2519.618255,419.02618,0.496922,12,0
C10195,7066.656296,0.750996,1926.219799,1045.408922,88.406606,1075.025173,0.246452,0.478014,0.610675,0.121618,8,24,3016.865619,3343.203938,554.760751,0.204348,12,8
C10196,5272.010555,0.770807,1092.868788,574.611631,1308.843182,711.855976,0.367181,0.662145,0.650498,0.0,1,21,3009.619654,7565.722886,582.860361,0.546785,12,3
C10197,1637.293417,0.966795,1465.249437,1203.976406,184.133978,64.403156,0.506415,0.529505,0.511717,0.306583,4,23,923.723595,8848.709632,954.007063,0.352829,12,3
C10198,1820.125707,0.872414,666.275875,1728.28905,696.089144,1472.790691,0.28409,0.880646,0.082043,0.0,6,25,14906.881339,1551.09498,1242.997956,0.425307,12,4
C10199,1508.159775,0.890174,1539.933355,1052.52578,3283.25719,424.09432,0.48207,0.098353,0.679347,0.528305,2,24,8129.464922,2943.435114,798.226565,0.23425,12,7
C10200,962.965563,0.602936,1887.078377,720.311969,340.982188,421.939438,0.30407,0.0,0.71096,0.386753,3,20,15023.538503,6428.759746,222.428316,0.313631,12,6
C10201,2580.895266,0.984657,1786.677655,1045.801887,171.933829,802.605721,1.0,0.455957,0.0,0.085995,8,21,1855.805242,2850.675496,283.932459,0.213028,6,0
C10202,3207.180373,0.718701,2295.101424,2626.749345,1825.640293,603.635868,0.360397,0.693825,0.188003,0.327366,3,16,9993.067766,1679.115262,940.733624,0.12863,12,5
C10203,1070.954088,0.509574,3344.405386,911.720126,291.406984,872.541308,0.630879,0.732207,0.250217,0.016896,6,24,9985.734716,5436.426374,389.721244,0.217357,12,4
C10204,962.254102,0.757461,1026.729726,262.022583,37.687044,601.438397,0.248977,0.246867,0.126656,0.0,3,17,2996.053241,1517.128689,233.73013,0.359741,12,2
C10205,1151.032883,0.913299,1609.207325,784.728491,1227.450068,694.351639,0.183615,0.58078,0.655282,0.343834,3,23,4919.18821,1796.228149,2006.050415,0.237775,6,9
C10206,214.984308,1.0,3387.358125,394.847196,469.386633,1013.244249,0.428728,0.22146,0.486411,0.0,9,21,5133.482244,2565.393095,212.141036,0.439253,12,8
C10207,1881.00055,0.794076,932.706137,263.104277,2042.964609,600.7961,0.373598,0.622661,0.370053,0.240215,1,24,14898.178672,802.841973,1456.099697,0.576822,12,4
C10208,4785.578827,0.650533,750.493683,1282.361216,1746.697454,579.442511,0.37453,0.194396,0.0,0.16529,0,20,5116.52506,2113.113026,619.894422,0.154266,12,5
C10209,1713.59083,1.0,1698.540999,2575.856979,537.196076,110.494303,0.450133,0.095939,0.0,0.503703,3,15,1900.846543,5597.82348,1812.643678,0.098719,12,3
C10210,675.889868,0.874036,1326.077342,1317.383616,739.129046,604.900849,0.676097,0.700809,0.080496,0.253756,4,20,4860.498862,2974.925277,675.641749,0.31782,12,0
C10211,1713.451828,0.810824,505.090517,1093.18909,521.067494,57.702411,0.929857,0.042397,0.10976,0.506949,1,27,2881.2012,1369.406097,1600.245484,0.310784,12,0
C10212,2449.761924,0.688602,2257.097635,353.840305,277.999445,184.300371,0.95541,0.0,0.08875,0.364175,3,19,3140.05188,1613.245991,2531.277133,0.465472,6,0
C10213,1394.735631,0.699403,1884.686227,547.374774,194.342271,836.632098,0.47111,0.656146,0.0,0.037147,4,21,7960.816227,2179.76998,198.071407,0.258707,6,4
C10214,839.97733,1.0,2945.463019,1945.768116,58.754211,490.776795,0.908366,0.448892,0.0,0.0,1,14,1005.891258,2553.332503,2722.849784,0.096704,12,9
C10215,1652.666989,0.809396,1176.288775,635.974237,315.276439,635.208648,0.875681,0.0,0.224098,0.0,3,24,5002.017334,916.501344,1371.104274,0.408464,12,0
C10216,1535.033145,0.769329,1786.621687,640.044921,406.21258,1445.927931,0.2995,0.773409,0.446366,0.197346,6,18,3092.68161,1942.353946,801.643569,0.142802,6,8
C10217,1927.841071,0.773513,5163.531121,1186.908581,987.48349,490.617137,0.33358,0.05002,0.194236,0.0,11,18,2916.552296,886.660493,862.117922,0.213221,12,8
C10218,2836.362424,1.0,4259.869014,1346.70422,1644.396633,866.11953,0.427537,0.282529,0.280052,0.026103,7,21,2976.805648,3124.358918,396.253052,0.355681,12,8
C10219,886.058963,0.761588,3234.207092,498.520558,349.168806,428.332079,0.936291,0.384893,0.326199,0.0,2,19,10122.494913,1592.974192,1184.912734,0.333354,12,0
C10220,1416.697947,0.944224,3508.76023,972.170254,1676.924448,115.905361,0.415385,1.0,0.327455,0.065627,6,12,1059.753382,1738.270738,1109.654409,0.27836,12,8
C10221,1778.967777,0.889921,1934.347547,111.053795,351.455478,1080.2474,0.390259,0.411769,0.696993,0.331215,6,17,4923.104207,3792.124971,1964.691589,0.330589,12,8
C10222,2376.47808,0.88589,957.945036,2127.640922,3219.247931,234.9185,0.792027,0.690352,0.114526,0.014418,5,23,2060.895873,896.411539,1646.351241,0.370599,12,7
C10223,1663.633245,0.718412,4350.980211,506.967813,88.471027,1247.012447,0.403923,0.377365,0.406517,0.079034,6,21,1101.307201,3597.788166,834.938229,0.175816,12,8
C10224,2836.176914,0.948783,1191.541451,1830.349118,569.122254,200.361603,0.410034,0.572566,0.0,0.098091,5,15,14965.582554,4090.357565,3014.261414,0.317914,12,9
C10225,1902.108966,1.0,5168.085996,1346.231406,597.649188,750.055908,0.595176,0.0,0.690126,0.243257,5,21,7988.329343,4835.603468,710.330914,0.280899,6,8
C10226,440.75003,0.842172,1624.523192,196.001824,465.024613,587.529032,0.489834,0.419779,0.559777,0.0,2,18,3058.785956,3484.759404,1966.600563,0.090727,12,2
C10227,3833.175394,0.712038,2389.080396,614.254481,180.354511,738.086879,0.0,0.235881,0.635826,0.21077,3,24,944.714805,1890.519828,470.150189,0.545063,12,6
C10228,1029.402023,0.656294,3054.381854,797.907273,574.12709,455.543728,0.136968,0.115086,0.379647,0.168352,4,22,943.935243,1541.431192,4554.899201,0.066964,12,9
C10229,3186.273704,0.878608,1425.915234,1753.494844,197.770803,296.960047,0.619507,0.508455,0.311613,0.0,4,23,15060.382866,2943.213966,747.470233,0.317277,12,4
C10230,3783.306645,0.809202,2854.042787,1405.522224,1464.201358,834.584222,0.090019,0.731016,0.0,0.0,2,24,2099.371326,3781.060914,1138.324074,0.285859,12,5
C10231,928.110333,0.834344,4902.50828,498.139455,2332.348833,348.150213,0.747315,0.56207,0.438863,0.430561,4,17,2016.310416,1925.418048,4513.905654,0.105917,12,9
C10232,483.598742,0.851774,864.678485,236.64069,533.189221,698.546164,0.426276,0.324702,0.74439,0.33322,3,20,14952.248695,2095.507119,382.654152,0.12785,12,2
C10233,1331.82353,0.628658,2359.493952,1880.475049,697.781299,172.926595,0.506163,0.639562,0.0,0.273942,5,18,5063.309642,1869.506561,975.282742,0.122149,12,5
C10234,1106.595221,0.967223,1124.939298,3327.695921,1007.871085,612.194493,0.513045,0.086797,0.858658,0.02114,4,17,7936.411702,4143.685759,1914.492104,0.575905,12,1
C10235,2374.240881,0.885148,2852.06723,802.671981,651.086993,1283.175494,0.0,0.514755,0.108691,0.118971,4,20,2866.686204,1396.937516,296.790545,0.443598,12,5
C10236,91.142843,0.838808,2532.177571,684.174755,123.117481,67.881479,0.267167,0.575506,0.487622,0.0,6,18,10035.507866,2303.478581,376.364541,0.299342,12,8
C10237,2104.189707,0.884779,1237.939038,775.084795,2326.101589,854.114341,0.183236,0.393234,0.110167,0.0,5,21,1850.96115,6005.392645,1068.808714,0.171715,12,3
C10238,1002.866281,0.988921,1748.337104,537.278979,865.74055,83.089159,0.502312,0.343409,0.303548,0.093219,1,23,1044.161391,782.536851,495.797045,0.234457,6,0
C10239,515.441333,0.858014,3446.918408,3023.70459,741.846642,409.508565,0.820752,0.455835,0.586939,0.067334,6,25,1970.288869,4839.340997,2244.598508,0.186403,12,1
C10240,1717.925115,0.722465,2084.596391,606.470205,1299.063881,285.927006,0.38763,0.249695,0.294724,0.0,3,23,1013.046692,1505.930617,946.370189,0.234607,12,2
C10241,1018.57358,1.0,2134.855013,439.887431,526.799394,692.574726,0.461018,0.353229,0.876233,0.0,2,19,7936.445567,4534.800878,736.687706,0.265363,6,2
C10242,3044.793684,0.785001,2350.874312,2088.428733,1291.579608,835.736202,0.0,0.639859,0.360345,0.260315,2,17,2044.016176,2149.047602,1705.074419,0.383602,12,5
C10243,2361.921484,0.741179,722.241512,237.541789,1574.941011,335.463,0.351057,0.0,0.538473,0.093615,6,20,3103.925846,1532.492291,618.292529,0.166385,12,2
C10244,946.791043,0.615701,1287.380928,717.626009,413.085036,1216.067104,0.383714,0.793338,0.169017,0.0,4,21,14965.016893,1054.049132,2125.297348,0.142603,12,4
C10245,2129.530431,0.851187,1316.482214,511.941185,857.778918,27.737523,0.397471,0.556105,0.202397,0.594461,2,20,3010.904954,1109.171047,953.708269,0.376668,12,5
C10246,1304.957497,0.692853,522.793971,1312.692827,2304.686529,365.350472,0.592096,0.483356,0.232747,0.0,5,17,1146.805538,1643.102006,1855.333787,0.239315,6,7
C10247,5781.43318,0.77213,1804.094919,449.308974,185.078861,238.692864,0.791092,0.117265,0.495987,0.228599,2,17,5011.934813,3336.773189,489.631325,0.245705,12,2
C10248,928.050018,0.917393,4599.420903,621.765338,387.713067,670.688727,0.440423,0.295274,0.835668,0.0,3,14,9907.403846,3281.230183,206.075728,0.184829,12,2
C10249,2831.554053,0.85499,275.721408,162.007971,468.103025,561.933104,0.541706,0.239935,0.359177,0.321249,4,11,8017.693842,1533.371845,297.272429,0.080792,12,2
C10250,2302.40378,1.0,1229.561747,1476.724258,1140.460505,1977.089522,0.058677,0.621726,0.0,0.200023,4,18,933.240673,685.754105,1772.851272,0.252072,12,5
C10251,1117.492783,0.895771,629.041502,1254.099101,1055.94854,1222.295955,0.594803,0.606911,0.170397,0.388863,3,26,861.716564,3191.520132,1115.694965,0.217845,6,5
C10252,810.656308,0.789416,982.273368,1104.785781,599.229881,80.961289,0.453259,0.763225,0.0,0.171777,5,26,7924.657023,5030.059063,1851.452024,0.133535,12,4
C10253,1609.254836,0.800545,1289.532903,836.385593,636.497865,784.023921,0.012253,0.435154,0.491382,0.034417,4,21,14855.572204,1761.578822,282.266458,0.422325,12,4
C10254,1013.025598,0.773894,2790.762814,947.063392,223.670759,405.101435,0.528563,0.0,0.357454,0.474321,2,15,7882.143641,4826.053278,276.973335,0.25281,12,2
C10255,5076.092895,0.946956,1281.77121,1721.071731,1486.206779,1009.982681,0.282385,0.127302,0.035813,0.174133,1,18,7963.321662,5344.538793,819.902918,0.376859,6,3
C10256,81.226955,0.85322,1292.388716,1211.464335,1139.974963,272.941506,0.695534,0.305155,0.244514,0.143683,3,19,962.682469,1011.399845,218.274366,0.038956,12,2
C10257,1738.912857,0.788362,2532.070152,1724.265128,469.986638,145.163814,0.559154,0.513436,0.624047,0.155094,7,14,2075.29476,5461.616639,507.128217,0.231747,12,8
C10258,1357.850566,0.976738,1391.060447,924.326069,952.063081,344.670671,0.466114,0.0,0.484113,0.039974,3,20,14859.050687,2361.562401,3153.956581,0.152848,12,9
C10259,2734.878976,0.864443,1561.962741,500.356945,2118.263787,1150.6059,0.870568,0.353207,0.182789,0.255812,4,20,4919.469,2350.422811,2228.238181,0.042905,12,7
C10260,3333.780772,0.78017,482.890835,2370.846392,533.057543,292.506111,0.406492,0.432063,0.56998,0.521014,6,25,4883.274735,1950.923736,843.85996,0.606513,12,6
C10261,1848.499992,0.62314,1940.906158,456.747547,1577.564317,795.498937,0.369782,0.233754,0.464586,0.484382,4,9,4909.604793,1863.943836,167.206449,0.083369,12,2
C10262,1465.756829,0.915621,804.579921,148.327302,503.544448,948.917797,0.455111,0.355102,0.189369,0.245034,3,20,5073.121367,5640.785943,299.318897,0.091112,12,3
C10263,1099.394026,0.885806,2129.936565,219.070128,944.868483,48.612789,0.476125,1.0,0.403942,0.314443,6,20,14989.971887,2376.393183,106.609716,0.468232,12,4
C10264,1967.698387,0.8577,1433.736436,844.480339,143.33743,508.061722,0.236792,0.405006,0.897797,0.334984,3,20,15021.266558,1545.549794,273.718484,0.398134,12,6
C10265,3531.661298,0.78489,313.433659,2081.374702,1652.655759,769.995347,0.589359,1.0,0.027841,0.05822,7,23,1084.429325,1297.386776,1248.913508,0.167259,6,5
C10266,682.982769,0.724977,956.255454,1483.599898,104.007081,1875.486383,0.552998,0.481722,0.648158,0.483488,4,22,4890.38821,2661.02035,1032.172765,0.097062,12,5
C10267,3326.359279,0.815995,3863.329628,1886.113651,2438.149431,472.78235,0.319095,0.197881,0.309053,0.235437,2,18,14915.979713,2883.758764,898.161994,0.210106,12,7
C10268,3030.852744,0.884714,4253.302182,2630.944713,222.956676,204.366798,0.063944,0.574586,0.534978,0.0,2,14,3002.007787,3122.559577,801.609559,0.475555,12,3
C10269,1273.638715,0.830822,1499.622989,847.58248,1224.294292,174.553951,0.749562,0.28663,0.466934,0.308577,5,21,14937.382959,2500.538385,1705.171403,0.291008,12,4
C10270,1081.050304,0.828293,4598.452966,482.165538,1837.1135,1367.613737,0.778193,0.388882,0.432205,0.002545,5,19,4924.921286,3327.982332,1005.065755,0.500076,12,0
C10271,1379.705217,0.779774,758.888082,1721.600141,554.446169,706.668231,0.677356,0.0,0.304701,0.245318,5,30,1133.205958,4498.458781,875.097954,0.453756,12,0
C10272,1921.511714,0.900836,616.651225,3591.228423,598.835911,315.891914,0.70088,0.51162,0.35092,0.320336,2,19,4923.180273,1362.213777,1421.789722,0.422937,12,0
C10273,1105.255609,0.885044,2295.744947,3160.803959,476.991191,723.305659,0.903892,0.232689,0.547964,0.122842,1,22,8123.498085,2949.197436,1855.66892,0.210896,6,1
C10274,2798.752245,0.737138,2498.319,560.600104,559.380002,531.780723,0.544169,0.744132,0.484238,0.240061,4,15,5066.805908,5203.79982,289.630206,0.276753,6,3
C10275,537.37767,0.96404,1671.165598,710.877292,134.532224,1015.61698,0.868331,0.439065,0.0,0.454966,4,26,9946.541693,923.961573,472.480249,0.104313,12,0
C10276,2733.10985,0.968704,1294.77386,4617.053032,94.339343,1971.608845,0.430429,0.292345,0.483452,0.0,3,18,4854.607843,1272.187118,565.650832,0.240023,12,1
C10277,616.876404,0.972039,1123.00905,4411.057675,1592.285845,1724.221997,0.253603,0.092238,0.733318,0.0,3,18,906.6714,1838.470465,658.732586,0.266214,6,1
C10278,2066.820972,0.830403,430.880226,838.409847,443.320531,3097.772393,0.474794,0.411038,0.612084,0.160408,2,21,1025.294433,2691.273124,3750.49335,0.407317,12,9
C10279,4219.974467,0.820876,2925.678214,1358.862712,646.831992,161.090354,0.39468,0.2924,0.411752,0.136398,3,19,8126.699857,1714.803599,1179.703718,0.233503,12,2
C10280,329.687472,0.676124,3241.165718,813.825135,2558.599463,608.047199,0.595383,0.172321,0.0,0.599874,3,14,15012.527067,1342.528334,2440.129271,0.144648,6,7
C10281,908.35538,0.963199,1307.954228,86.985712,539.397762,1199.329758,0.924273,0.961104,0.523293,0.383284,3,23,8079.202889,3079.520822,679.885403,0.326247,6,4
C10282,2388.673729,0.529631,587.284736,736.910297,366.76595,264.512016,0.579799,0.360026,0.54399,0.289542,1,23,14993.354198,1690.830985,219.664443,0.349457,12,6
C10283,609.623511,0.791356,1733.33744,1210.133869,1821.330835,1738.352627,0.736376,0.669486,0.778286,0.163907,5,16,10065.198139,859.668368,724.890812,0.37264,12,4
C10284,2107.046654,0.799024,374.591171,298.261852,1551.065603,1417.877916,1.0,0.840806,0.070784,0.0,5,24,14867.681153,3297.786167,2655.990339,0.38057,6,4
C10285,892.64191,0.978433,599.169269,1274.16734,3749.621947,1687.939947,0.924547,0.523125,0.281535,0.0,5,11,15033.642249,1687.222912,398.294984,0.146459,6,7
C10286,368.93422,0.849908,3809.05935,210.939009,885.629261,790.805359,0.502026,0.589454,0.194859,0.118074,1,15,9945.877101,2754.884138,1334.195657,0.253953,12,2
C10287,4381.755609,0.70533,2583.063914,2617.763864,1171.422072,456.950501,0.313295,0.553014,0.27099,0.220122,4,19,3101.905999,2228.727829,1246.80064,0.154235,12,5
C10288,1455.833764,0.635985,1314.296578,485.504137,461.910195,529.38252,1.0,0.687993,0.0,0.097586,2,18,9853.415608,2085.18548,254.979519,0.076497,6,2
C10289,755.846584,0.74063,808.982321,1309.3994,364.842324,98.012132,0.214219,0.573151,0.211688,0.204819,7,28,7892.417862,3467.270267,2072.220251,0.031095,12,4
C10290,1367.170427,0.865991,1472.978628,454.753658,1255.891418,362.23573,0.029079,0.550973,0.223045,0.322372,3,23,15114.856059,2591.866456,1430.075296,0.297058,6,4
C10291,993.785282,0.858257,1416.163579,153.837253,1447.544243,675.51163,0.0,0.442801,0.238743,0.040227,7,23,7903.060615,1955.209232,781.733333,0.44467,12,4
C10292,965.45729,0.820356,1328.582348,185.867197,495.042672,1630.840739,0.772936,0.257518,0.815129,0.097082,3,20,10044.566196,3126.846059,2987.409334,0.293427,6,9
C10293,3806.565195,0.747351,572.71765,505.616817,1040.262899,257.633003,0.116278,0.272493,0.164048,0.0,5,13,2136.247698,2318.681252,172.492671,0.189788,12,2
C10294,1220.014177,0.81848,1456.383393,691.555387,818.187875,730.79781,0.419033,0.211392,0.217484,0.423485,5,19,1036.944149,1030.885771,467.991804,0.13179,12,2
C10295,2435.192048,0.999664,1297.987704,976.742009,793.012032,652.365693,0.450031,0.458683,0.676,0.0,1,17,1987.561738,2228.56893,237.780963,0.475817,12,0
C10296,2052.215467,0.684936,1355.542328,1301.61227,937.364085,155.89198,0.807083,0.790892,0.18266,0.301237,4,28,977.448905,2247.336059,809.245174,0.238257,12,4
C10297,1948.516768,0.855046,1040.570194,1569.99097,56.474427,422.885849,0.141485,0.120183,0.699039,0.334835,3,21,2107.440186,889.146803,830.866489,0.600982,12,6
C10298,679.801652,1.0,206.243472,1869.376017,1255.134903,607.038232,0.495836,0.219395,0.478845,0.0,2,16,2856.505457,2197.462718,1231.831146,0.352918,12,0
C10299,784.067588,0.933149,2613.536629,2066.865277,2493.292825,322.685086,0.558106,0.108435,0.162958,0.084215,5,23,5126.300563,1876.709201,1847.661223,0.247341,12,7
C10300,1381.50302,0.78161,2111.92116,5.658952,2768.386302,1125.153059,0.833958,0.383918,0.139603,0.396992,6,11,10046.63623,1914.561951,1014.715079,0.077698,12,7
